Nom_produit,Prix
Hoodie Classique Vert,"€60,00"
Hoodie Ultra Marron,"€50,00"
T-shirt Ultra Vert,"€25,00"
T-shirt Ultra Marron,"€25,00"
Jogging Classique Marron,"€50,00"
T-shirt Classique Marron,"€30,00"
T-shirt Classique Vert,"€30,00"
Hoodie Classique Marron,"€60,00"
Hoodie Ultra Vert,"€50,00"
Jogging Classique Noir,"€50,00"
T-shirt Classique Gris,"€30,00"
T-shirt Classique Beige,"€30,00"
T-shirt Classique Noir,"€30,00"
T-shirt Classique Bleu,"€30,00"
Hoodie Classique Beige,"€60,00"
Hoodie Classique Bleu,"€60,00"
Hoodie Classique Gris,"€60,00"
Hoodie Classique Noir,"€60,00"
Hoodie Ultra Bleu,"€50,00"
Hoodie Ultra Gris,"€50,00"
Hoodie Ultra Noir,"€50,00"
PRECOMMANDE - Maillot Major 2024,"€70,00"
Maillot pro 2024,"€65,00"
Veste Pro Kit 2024,"€80,00"
Jogging Pro Kit 2024,"€55,00"
